{
  "manifest": {
    "publishingInformation": {
      "locales": {
        "fr-FR": {
          "summary": "La génération hits",
          "examplePhrases": [
            "Alexa lance voltige radio",
            "Alexa démarre voltige radio",
            "Alexa ouvre voltige radio"
          ],
          "keywords": [
            "voltige-radio",
            "voltige",
            "radio",
            "radio-voltige"
          ],
          "name": "Voltige Radio",
          "description": "Ecoutez la station de radio VOLTIGE RADIO. Tous vos hits \u0026 nouveautés 24h/24 \u0026 7j/7 sur votre enceinte connectée.",
          "smallIconUri": "file://assets/images/fr-FR_smallIconUri.png",
          "largeIconUri": "file://assets/images/fr-FR_largeIconUri.png"
        },
        "fr-CA": {
          "summary": "La génération hits",
          "examplePhrases": [
            "Alexa lance voltige radio",
            "Alexa démarre voltige radio",
            "Alexa ouvre voltige radio"
          ],
          "keywords": [
            "voltige-radio",
            "voltige",
            "radio",
            "radio-voltige"
          ],
          "name": "Voltige Radio",
          "description": "Ecoutez la station de radio VOLTIGE RADIO. Tous vos hits \u0026 nouveautés 24h/24 \u0026 7j/7 sur votre enceinte connectée.",
          "smallIconUri": "file://assets/images/fr-CA_smallIconUri.png",
          "largeIconUri": "file://assets/images/fr-CA_largeIconUri.png"
        }
      },
      "automaticDistribution": {
        "sourceLocaleForLanguages": [
          {
            "sourceLocale": "fr-FR",
            "language": "fr"
          }
        ],
        "isActive": true
      },
      "isAvailableWorldwide": true,
      "testingInstructions": "It\u0027s a simple radio skill, say sometthing like \u0027Alexa lance voltige  radio\u0027 and enjoy",
      "category": "STREAMING_SERVICE",
      "distributionCountries": []
    },
    "apis": {
      "custom": {
        "endpoint": {
          "uri": "arn:aws:lambda:eu-west-1:199346923116:function:3ac0a2d2-4fc5-42f7-87ce-efaf0fee7fa9:Release_1"
        },
        "interfaces": [
          {
            "type": "AUDIO_PLAYER"
          }
        ],
        "regions": {
          "EU": {
            "endpoint": {
              "uri": "arn:aws:lambda:eu-west-1:199346923116:function:3ac0a2d2-4fc5-42f7-87ce-efaf0fee7fa9:Release_1"
            }
          },
          "NA": {
            "endpoint": {
              "uri": "arn:aws:lambda:us-east-1:199346923116:function:3ac0a2d2-4fc5-42f7-87ce-efaf0fee7fa9:Release_1"
            }
          },
          "FE": {
            "endpoint": {
              "uri": "arn:aws:lambda:us-west-2:199346923116:function:3ac0a2d2-4fc5-42f7-87ce-efaf0fee7fa9:Release_1"
            }
          }
        }
      }
    },
    "manifestVersion": "1.0",
    "privacyAndCompliance": {
      "allowsPurchases": false,
      "locales": {
        "fr-FR": {},
        "fr-CA": {}
      },
      "containsAds": false,
      "isExportCompliant": true,
      "isChildDirected": false,
      "usesPersonalInfo": false
    }
  }
}