{
  "interactionModel": {
    "languageModel": {
      "invocationName": "voltige radio",
      "intents": [
        {
          "name": "AMAZON.NavigateHomeIntent",
          "samples": []
        },
        {
          "name": "AMAZON.PauseIntent",
          "samples": []
        },
        {
          "name": "AMAZON.ResumeIntent",
          "samples": []
        },
        {
          "name": "AMAZON.StopIntent",
          "samples": []
        },
        {
          "name": "AMAZON.CancelIntent",
          "samples": []
        },
        {
          "name": "AMAZON.LoopOnIntent",
          "samples": []
        },
        {
          "name": "AMAZON.NextIntent",
          "samples": []
        },
        {
          "name": "AMAZON.PreviousIntent",
          "samples": []
        },
        {
          "name": "AMAZON.RepeatIntent",
          "samples": []
        },
        {
          "name": "AMAZON.ShuffleOnIntent",
          "samples": []
        },
        {
          "name": "AMAZON.StartOverIntent",
          "samples": []
        },
        {
          "name": "AMAZON.LoopOffIntent",
          "samples": []
        },
        {
          "name": "AMAZON.ShuffleOffIntent",
          "samples": []
        },
        {
          "name": "AMAZON.HelpIntent",
          "samples": [
            "aide moi",
            "Comment cela fonction",
            "que dois-je faire"
          ]
        }
      ],
      "types": []
    }
  },
  "version": "15"
}